{"initial_reset_timestamp": 1622813140.0924063, "timestamps": [1622813140.1712704, 1622813140.2481275, 1622813140.324485, 1622813140.4008424, 1622813140.4772007, 1622813140.5530496, 1622813140.6309152, 1622813140.7067733, 1622813140.7836227, 1622813140.8609774, 1622813140.9378438, 1622813141.014701, 1622813141.091059, 1622813141.1694124, 1622813141.248765, 1622813141.3266203, 1622813141.4059725, 1622813141.4848166, 1622813141.5611835, 1622813141.6400273, 1622813141.7193797, 1622813141.7982323, 1622813141.8770962, 1622813141.9569466, 1622813142.0362992, 1622813142.1161509, 1622813142.1955028, 1622813142.2738578, 1622813142.3517125, 1622813142.4310646, 1622813142.5094187, 1622813142.5877728, 1622813142.6671255, 1622813142.7459779, 1622813142.823834, 1622813142.9026868, 1622813142.9805417, 1622813143.0598855, 1622813143.1412325, 1622813143.2185886, 1622813143.2944577, 1622813143.3703165, 1622813143.446674, 1622813143.5235312, 1622813143.5998888, 1622813143.6777349, 1622813143.7546017, 1622813143.8309588, 1622813143.9078267, 1622813143.9856617, 1622813144.0615304, 1622813144.137879, 1622813144.2137482, 1622813144.2891061, 1622813144.3654642, 1622813144.4418228, 1622813144.5171723, 1622813144.5930412, 1622813144.6693988, 1622813144.7457561, 1622813144.824602, 1622813144.9034548, 1622813144.9818077, 1622813145.059675, 1622813145.1375313, 1622813145.2158818, 1622813145.2942374, 1622813145.3715925, 1622813145.4494472, 1622813145.527302, 1622813145.6046581, 1622813145.6830127, 1622813145.758861, 1622813145.8347204, 1622813145.91009, 1622813145.9859388, 1622813146.0623064, 1622813146.1386647, 1622813146.215022, 1622813146.2913797, 1622813146.3677387, 1622813146.4450939, 1622813146.522939, 1622813146.601792, 1622813146.6806562, 1622813146.7570138, 1622813146.8333714, 1622813146.9097292, 1622813146.986586, 1622813147.0619466, 1622813147.1383045, 1622813147.2141633, 1622813147.2900214, 1622813147.365371, 1622813147.4417393, 1622813147.5170891, 1622813147.5924482, 1622813147.6688182, 1622813147.7446754, 1622813147.8210235], "episode_lengths": [500, 500, 500, 500, 500, 500, 500, 500, 500, 500, 500, 500, 500, 500, 500, 500, 500, 500, 500, 500, 500, 500, 500, 500, 500, 500, 500, 500, 500, 500, 500, 500, 500, 500, 500, 500, 500, 500, 500, 500, 500, 500, 500, 500, 500, 500, 500, 500, 500, 500, 500, 500, 500, 500, 500, 500, 500, 500, 500, 500, 500, 500, 500, 500, 500, 500, 500, 500, 500, 500, 500, 500, 500, 500, 500, 500, 500, 500, 500, 500, 500, 500, 500, 500, 500, 500, 500, 500, 500, 500, 500, 500, 500, 500, 500, 500, 500, 500, 500, 500], "episode_rewards": [500.0, 500.0, 500.0, 500.0, 500.0, 500.0, 500.0, 500.0, 500.0, 500.0, 500.0, 500.0, 500.0, 500.0, 500.0, 500.0, 500.0, 500.0, 500.0, 500.0, 500.0, 500.0, 500.0, 500.0, 500.0, 500.0, 500.0, 500.0, 500.0, 500.0, 500.0, 500.0, 500.0, 500.0, 500.0, 500.0, 500.0, 500.0, 500.0, 500.0, 500.0, 500.0, 500.0, 500.0, 500.0, 500.0, 500.0, 500.0, 500.0, 500.0, 500.0, 500.0, 500.0, 500.0, 500.0, 500.0, 500.0, 500.0, 500.0, 500.0, 500.0, 500.0, 500.0, 500.0, 500.0, 500.0, 500.0, 500.0, 500.0, 500.0, 500.0, 500.0, 500.0, 500.0, 500.0, 500.0, 500.0, 500.0, 500.0, 500.0, 500.0, 500.0, 500.0, 500.0, 500.0, 500.0, 500.0, 500.0, 500.0, 500.0, 500.0, 500.0, 500.0, 500.0, 500.0, 500.0, 500.0, 500.0, 500.0, 500.0], "episode_types": ["t", "t", "t", "t", "t", "t", "t", "t", "t", "t", "t", "t", "t", "t", "t", "t", "t", "t", "t", "t", "t", "t", "t", "t", "t", "t", "t", "t", "t", "t", "t", "t", "t", "t", "t", "t", "t", "t", "t", "t", "t", "t", "t", "t", "t", "t", "t", "t", "t", "t", "t", "t", "t", "t", "t", "t", "t", "t", "t", "t", "t", "t", "t", "t", "t", "t", "t", "t", "t", "t", "t", "t", "t", "t", "t", "t", "t", "t", "t", "t", "t", "t", "t", "t", "t", "t", "t", "t", "t", "t", "t", "t", "t", "t", "t", "t", "t", "t", "t", "t"]}